Estacion;x;y;Alt
San Miguel;-73.98333;-13.01667;3323
Hacienda Cochas;-73.88333;-13.03333;3323
La Quinua;-74.14139;-13.05528;3240
Wayllapampa;-74.21667;-13.07639;2470
Huamanga;-74.23694;-13.15;2761
Allpachaca;-74.26667;-13.38333;3600
